Group,Metric,Mean,Low_CI,High_CI,N
Treated,CAR_5d,-0.026061808661227162,-0.049227765871348576,0.00014263776216306048,17
Treated,CAR_10d,0.004984927060474996,-0.0356092081909901,0.05577224167416731,17
Defensive,CAR_5d,0.009288876470850435,-0.007463525143600594,0.025672611840097843,30
Defensive,CAR_10d,0.019214866649214783,-0.004209824912129126,0.04287282400312272,30
