Group,mean,std,count
Defensive,-0.002528665248044984,0.004875779902523912,13
Treated,0.0008417923553640539,0.011437298320378339,24
