Group,mean,std,count
Defensive,0.002521758461358446,0.0045077086853152456,13
Treated,0.007537086157462391,0.007800750777509395,24
